Main Category,Subcategory
Technology & Software,Software Engineering & Development
Technology & Software,Frontend / Backend / Fullstack Development
Technology & Software,"Data Science, AI & Machine Learning"
Technology & Software,Cybersecurity & Information Security
Technology & Software,Cloud Engineering & DevOps
Technology & Software,IT Support & Systems Administration
Technology & Software,Product Management
Technology & Software,Database Administration
Technology & Software,Network Engineering
Technology & Software,Mobile App Development (iOS/Android)
Sales & Business Development,Inside Sales & Account Management
Sales & Business Development,Enterprise & B2B Sales
Sales & Business Development,Business Development Management
Sales & Business Development,Retail Sales & Cashiering
Sales & Business Development,Real Estate Brokerage & Sales
Sales & Business Development,Customer Acquisition & Lead Generation
Sales & Business Development,Telesales & Telemarketing
Sales & Business Development,Sales Operations & Enablement
"Marketing, PR & Communications",Digital Marketing & Growth
"Marketing, PR & Communications",SEO & Content Marketing
"Marketing, PR & Communications",Social Media Management & Strategy
"Marketing, PR & Communications",Public Relations & Media Relations
"Marketing, PR & Communications",Brand Management & Marketing Strategy
"Marketing, PR & Communications",Market Research & Analytics
"Marketing, PR & Communications",Email Marketing & Automation
"Marketing, PR & Communications",Event Planning & Management
"Finance, Accounting & Banking",Bookkeeping & General Accounting
"Finance, Accounting & Banking",Financial Analysis & Planning
"Finance, Accounting & Banking",Auditing & Tax Advisory
"Finance, Accounting & Banking",Investment Banking & Wealth Management
"Finance, Accounting & Banking",Risk Management & Compliance
"Finance, Accounting & Banking",Corporate Finance
"Finance, Accounting & Banking",Loan & Credit Analysis
"Finance, Accounting & Banking",Insurance Underwriting & Claims
Human Resources & Talent Acquisition,Recruitment & Talent Acquisition
Human Resources & Talent Acquisition,HR Operations & Administration
Human Resources & Talent Acquisition,Compensation & Benefits
Human Resources & Talent Acquisition,Employee Relations & Culture
Human Resources & Talent Acquisition,Training & Organizational Development
Human Resources & Talent Acquisition,HR Business Partnering (HRBP)
Administration & Office Support,Executive Assistant
Administration & Office Support,Administrative Assistant
Administration & Office Support,Office Management
Administration & Office Support,Data Entry & Transcription
Administration & Office Support,Receptionist & Front Desk Support
Administration & Office Support,Customer Support & Call Center
Healthcare & Medical Services,"Nursing (Registered Nurse, Practical Nurse)"
Healthcare & Medical Services,Medical Practitioners & Specialists
Healthcare & Medical Services,Pharmaceuticals & Pharmacists
Healthcare & Medical Services,Healthcare Administration & Management
Healthcare & Medical Services,Laboratory Technicians & Pathology
Healthcare & Medical Services,Physical Therapy & Rehabilitation
Healthcare & Medical Services,Dental Services
Healthcare & Medical Services,Mental Health & Counseling
"Operations, Logistics & Supply Chain",Supply Chain Management
"Operations, Logistics & Supply Chain",Logistics & Fleet Coordination
"Operations, Logistics & Supply Chain",Warehouse Operations & Inventory Management
"Operations, Logistics & Supply Chain",Procurement & Purchasing
"Operations, Logistics & Supply Chain",Project Management
"Operations, Logistics & Supply Chain",Operations Management & Strategy
"Operations, Logistics & Supply Chain",Import / Export Coordination
"Creative, Design & Media",Graphic Design & Visual Arts
"Creative, Design & Media",UI/UX & Product Design
"Creative, Design & Media","Copywriting, Editing & Content Creation"
"Creative, Design & Media",Video Production & Editing
"Creative, Design & Media",Photography & Videography
"Creative, Design & Media",Animation & 3D Modeling
"Creative, Design & Media",Creative Direction & Styling
"Creative, Design & Media",Architecture & Interior Design
Engineering & Architecture,Civil & Structural Engineering
Engineering & Architecture,Mechanical Engineering
Engineering & Architecture,Electrical & Electronics Engineering
Engineering & Architecture,Chemical Engineering
Engineering & Architecture,Environmental Engineering
Engineering & Architecture,Biomedical Engineering
Engineering & Architecture,Industrial & Manufacturing Engineering
Engineering & Architecture,Architecture & Urban Planning
"Construction, Maintenance & Trades",Site Management & Foreman Roles
"Construction, Maintenance & Trades",Carpentry & Masonry
"Construction, Maintenance & Trades",Plumbing & HVAC Installation
"Construction, Maintenance & Trades",Electrical Installation & Repair
"Construction, Maintenance & Trades",General Labor & Construction Work
"Construction, Maintenance & Trades",Facility Maintenance & Janitorial
"Construction, Maintenance & Trades",Welding & Metal Fabrication
"Education, Training & Academia",Primary & Secondary School Teaching
"Education, Training & Academia",Higher Education & Professors
"Education, Training & Academia",Academic Tutoring & Special Education
"Education, Training & Academia",Instructional Design & E-Learning
"Education, Training & Academia",Corporate Training & Development
"Education, Training & Academia",Language Instruction
"Legal, Compliance & Judiciary",Corporate Law & Legal Counsel
"Legal, Compliance & Judiciary",Litigation & Defense Law
"Legal, Compliance & Judiciary",Paralegal & Legal Assistant
"Legal, Compliance & Judiciary",Compliance & Regulatory Affairs
"Legal, Compliance & Judiciary",Contract Management
"Legal, Compliance & Judiciary",Intellectual Property Law
"Hospitality, Catering & Tourism",Hotel & Resort Management
"Hospitality, Catering & Tourism","Food & Beverage Service (Waitstaff, Bartenders)"
"Hospitality, Catering & Tourism",Culinary Arts & Chefs
"Hospitality, Catering & Tourism",Travel Agent & Tour Guide Operations
"Hospitality, Catering & Tourism",Event Hosting & Hospitality Support
"Hospitality, Catering & Tourism",Housekeeping & Guest Services
Retail & Consumer Goods,Store Management & Retail Operations
Retail & Consumer Goods,Visual Merchandising
Retail & Consumer Goods,Cashiering & Point of Sale Operations
Retail & Consumer Goods,Customer Experience Management
Retail & Consumer Goods,E-commerce Store Management
"Science, Research & R&D",Biotechnology & Life Sciences
"Science, Research & R&D",Chemical Research & Laboratory Roles
"Science, Research & R&D",Environmental Science & Sustainability
"Science, Research & R&D",Data & Statistical Research
"Science, Research & R&D",Agricultural Science & Agronomy
Social & Community Services,Social Work & Case Management
Social & Community Services,Non-Profit & NGO Program Management
Social & Community Services,Community Outreach & Advocacy
Social & Community Services,Fundraising & Grant Writing
Social & Community Services,Volunteer Coordination
Manufacturing & Production,Factory Assembly & Production Line
Manufacturing & Production,Quality Assurance & Inspection
Manufacturing & Production,Machinery Operations
Manufacturing & Production,Plant Management & Safety
Manufacturing & Production,Product Assembly & Packaging
